Major_code,Major,Major_category,Grad_total,Grad_sample_size,Grad_employed,Grad_full_time_year_round,Grad_unemployed,Grad_unemployment_rate,Grad_median,Grad_P25,Grad_P75,Nongrad_total,Nongrad_employed,Nongrad_full_time_year_round,Nongrad_unemployed,Nongrad_unemployment_rate,Nongrad_median,Nongrad_P25,Nongrad_P75,Grad_share,Grad_premium
5601.0,CONSTRUCTION SERVICES,Industrial Arts & Consumer Services,9173.0,200.0,7098.0,6511.0,681.0,0.087543386,75000.0,53000.0,110000.0,86062.0,73607.0,62435.0,3928.0,0.050660992,65000.0,47000.0,98000.0,0.09631963,0.153846154
,,Arts,53864.0,882.0,40492.0,29553.0,2482.0,0.057755852,60000.0,40000.0,,461977.0,347166.0,250596.0,25484.0,0.068385885,48000.0,34000.0,71000.0,0.104419773,0.25
6211.0,HOSPITALITY MANAGEMENT,Business,24417.0,437.0,18368.0,,1465.0,0.073866788,65000.0,45000.0,100000.0,179335.0,145597.0,113579.0,7409.0,0.048422938,50000.0,35000.0,75000.0,0.11983686,0.3
2201.0,COSMETOLOGY SERVICES AND CULINARY ARTS,Industrial Arts & Consumer Services,5411.0,72.0,3590.0,2701.0,316.0,0.080901178,47000.0,24500.0,85000.0,37575.0,29738.0,23249.0,1661.0,0.052899774,41600.0,29000.0,60000.0,0.125878193,0.129807692
2001.0,COMMUNICATION TECHNOLOGIES,Computers & Mathematics,9109.0,171.0,7512.0,5622.0,466.0,0.058410629,57000.0,40600.0,83700.0,53819.0,,34231.0,3389.0,0.072800309,52000.0,36000.0,78000.0,0.144752733,0.096153846
3201.0,COURT REPORTING,Law & Public Policy,1542.0,22.0,1008.0,860.0,0.0,0.0,75000.0,55000.0,120000.0,8921.0,6967.0,6063.0,518.0,0.069205077,50000.0,34000.0,75000.0,0.147376469,0.5
6206.0,MARKETING AND MARKETING RESEARCH,Business,190996.0,3738.0,151570.0,123045.0,8324.0,0.052059489,80000.0,50000.0,120000.0,1029181.0,817906.0,662346.0,45519.0,0.052719113,60000.0,40000.0,91500.0,0.156531388,0.333333333
1101.0,,Agriculture & Natural Resources,17488.0,386.0,13104.0,11207.0,473.0,0.03483833,67000.0,41600.0,100000.0,89169.0,71781.0,61335.0,1869.0,0.025376782,55000.0,38000.0,80000.0,,0.218181818
,COMPUTER PROGRAMMING AND DATA PROCESSING,Computers & Mathematics,5611.0,98.0,4716.0,3981.0,119.0,0.024612203,85000.0,56000.0,114000.0,28314.0,22024.0,18381.0,2222.0,0.091643983,60000.0,40000.0,85000.0,,0.416666667
1904.0,ADVERTISING AND PUBLIC RELATIONS,Communications & Journalism,33928.0,688.0,28517.0,22523.0,899.0,0.030561599,60000.0,43000.0,90000.0,163435.0,127832.0,100330.0,8706.0,0.063762469,51000.0,37800.0,78000.0,0.171906588,0.176470588
6005.0,FILM VIDEO AND PHOTOGRAPHIC ARTS,Arts,24525.0,370.0,19059.0,13301.0,2035.0,0.096472931,57000.0,40000.0,80000.0,116158.0,93915.0,63674.0,8160.0,0.07994122,50000.0,32000.0,75000.0,0.174328099,0.14
5701.0,"ELECTRICAL, MECHANICAL, AND PRECISION TECHNOLOGIES AND PRODUCTION",Industrial Arts & Consumer Services,3187.0,45.0,1984.0,1481.0,319.0,0.13851498,62000.0,40000.0,100000.0,14842.0,11921.0,9949.0,653.0,0.051932559,50000.0,32400.0,75000.0,0.176770758,0.24
2504.0,MECHANICAL ENGINEERING RELATED TECHNOLOGIES,Engineering,6065.0,111.0,4442.0,,310.0,0.06523569,78000.0,50000.0,103000.0,27999.0,23069.0,20418.0,998.0,0.04146757,61000.0,42000.0,85000.0,0.178047205,0.278688525
1903.0,MASS MEDIA,Communications & Journalism,42915.0,828.0,35939.0,28054.0,1957.0,0.051641334,57000.0,41000.0,90000.0,190020.0,153722.0,117581.0,,0.07695541,50000.0,35000.0,72000.0,0.184235946,0.14
5901.0,TRANSPORTATION SCIENCES AND TECHNOLOGIES,Industrial Arts & Consumer Services,27410.0,538.0,20035.0,18088.0,,0.046633357,,62000.0,124000.0,121260.0,94538.0,,4326.0,0.04375708,69000.0,45000.0,100000.0,0.184368063,
2107.0,COMPUTER NETWORKING AND TELECOMMUNICATIONS,Computers & Mathematics,11165.0,218.0,9037.0,7988.0,803.0,0.081605691,80000.0,54000.0,110000.0,48776.0,41552.0,34402.0,2476.0,0.05623694,58000.0,37700.0,84000.0,0.186266495,0.379310345
6299.0,MISCELLANEOUS BUSINESS & MEDICAL ADMINISTRATION,Business,22553.0,408.0,17691.0,14807.0,865.0,0.04661565,75000.0,47000.0,,95860.0,72005.0,58441.0,3694.0,0.048798531,55000.0,38000.0,85000.0,0.190460507,0.363636364
2599.0,MISCELLANEOUS ENGINEERING TECHNOLOGIES,Engineering,14816.0,315.0,12433.0,11146.0,407.0,0.031697819,80000.0,54000.0,105000.0,60571.0,50092.0,44199.0,3316.0,0.062088077,65000.0,43000.0,90000.0,0.196532559,0.230769231
2503.0,INDUSTRIAL PRODUCTION TECHNOLOGIES,Engineering,19885.0,408.0,14752.0,12467.0,603.0,0.039270596,84500.0,60000.0,111000.0,81076.0,64389.0,56559.0,3431.0,0.050589797,70000.0,48000.0,99000.0,0.196957241,0.207142857
6099.0,MISCELLANEOUS FINE ARTS,Arts,1733.0,27.0,1100.0,770.0,44.0,0.038461538,55000.0,40000.0,76000.0,7044.0,5220.0,3556.0,1001.0,0.160906607,46000.0,30000.0,60000.0,0.197447875,0.195652174
,CRIMINAL JUSTICE AND FIRE PROTECTION,Law & Public Policy,188228.0,3794.0,154146.0,,6591.0,,68000.0,45000.0,100000.0,695361.0,565748.0,490943.0,,0.04897282,52000.0,36000.0,75000.0,0.213026645,0.307692308
6203.0,BUSINESS MANAGEMENT AND ADMINISTRATION,Business,813399.0,16129.0,622357.0,527935.0,32089.0,0.049032311,77000.0,50000.0,115000.0,2996892.0,2253649.0,1882507.0,136978.0,0.057297939,60000.0,40000.0,88000.0,0.213474246,0.283333333
5503.0,CRIMINOLOGY,Social Science,18499.0,381.0,14584.0,12074.0,692.0,0.045299817,65000.0,44000.0,98000.0,67082.0,53419.0,45563.0,3189.0,0.056334794,50000.0,35000.0,75000.0,0.216157792,0.3
6212.0,MANAGEMENT INFORMATION SYSTEMS AND STATISTICS,Business,41970.0,963.0,36227.0,32121.0,1459.0,0.038714642,89000.0,64500.0,116000.0,150110.0,129179.0,115177.0,5690.0,0.042189087,,50000.0,100000.0,0.218502707,0.236111111
2106.0,COMPUTER ADMINISTRATION MANAGEMENT AND SECURITY,Computers & Mathematics,10290.0,194.0,8554.0,7581.0,542.0,0.059586631,,54000.0,109000.0,35883.0,29740.0,26303.0,2102.0,0.066013441,60000.0,41600.0,80000.0,0.222857514,0.35
6204.0,OPERATIONS LOGISTICS AND E-COMMERCE,,15056.0,335.0,12659.0,10861.0,296.0,0.022848321,94000.0,64000.0,131000.0,52043.0,43074.0,38454.0,1827.0,0.040689517,66000.0,46800.0,92000.0,0.224384864,0.424242424
6200.0,GENERAL BUSINESS,Business,602964.0,10399.0,457191.0,387928.0,19494.0,0.040894931,85000.0,52000.0,130000.0,2056867.0,1510380.0,1264413.0,77999.0,0.049106038,60000.0,40000.0,98000.0,0.226692598,0.416666667
6105.0,MEDICAL TECHNOLOGIES TECHNICIANS,Health,47029.0,942.0,37639.0,29892.0,987.0,0.025552736,76000.0,55000.0,112000.0,159438.0,117087.0,,4193.0,0.034572889,60000.0,45900.0,77000.0,0.227779742,0.266666667
2100.0,COMPUTER AND INFORMATION SYSTEMS,Computers & Mathematics,,1425.0,60858.0,53807.0,2539.0,0.040049214,80000.0,55000.0,104000.0,242194.0,209994.0,184959.0,10439.0,0.047356793,65000.0,45000.0,90000.0,0.227995576,0.230769231
1901.0,COMMUNICATIONS,Communications & Journalism,266084.0,4879.0,212156.0,159049.0,10851.0,0.048657665,65000.0,,96000.0,896111.0,716886.0,557992.0,46564.0,0.060991552,52000.0,36100.0,80000.0,0.228949531,0.25
6202.0,ACTUARIAL SCIENCE,Business,2472.0,56.0,2020.0,1725.0,162.0,0.074243813,110000.0,80000.0,150000.0,7998.0,6666.0,6040.0,266.0,0.038372764,76000.0,53000.0,125000.0,0.236103152,0.447368421
2502.0,ELECTRICAL ENGINEERING TECHNOLOGY,Engineering,28155.0,521.0,22501.0,19707.0,1296.0,0.054460646,85000.0,60000.0,110000.0,90886.0,71204.0,,4210.0,0.055825178,68000.0,48000.0,92000.0,0.23651515,0.25
1902.0,JOURNALISM,Communications & Journalism,119953.0,,91778.0,71683.0,4026.0,0.042023298,70000.0,46000.0,100000.0,386113.0,,222172.0,18390.0,0.060115524,53000.0,36000.0,80100.0,0.237030348,0.320754717
6104.0,MEDICAL ASSISTING SERVICES,Health,18654.0,326.0,14499.0,10826.0,377.0,0.025342834,80000.0,55000.0,108000.0,59740.0,47608.0,23707.0,1443.0,0.02941836,56000.0,38000.0,76000.0,0.237951884,0.428571429
,ENGINEERING TECHNOLOGIES,Engineering,11724.0,219.0,9471.0,7958.0,450.0,0.045358331,74000.0,48400.0,105000.0,35992.0,,25129.0,1475.0,,65000.0,40000.0,94000.0,0.245703747,0.138461538
6201.0,ACCOUNTING,Business,569677.0,11774.0,451610.0,384280.0,19729.0,0.041857347,88000.0,59000.0,131000.0,1708418.0,1282267.0,1065334.0,68954.0,0.051030882,65000.0,44000.0,100000.0,0.250067271,0.353846154
6000.0,FINE ARTS,Arts,181514.0,2528.0,124246.0,80794.0,8072.0,,58000.0,40000.0,82000.0,541433.0,363977.0,247638.0,26518.0,,46000.0,30000.0,70000.0,0.251075113,0.260869565
6107.0,NURSING,Health,573467.0,,437115.0,335009.0,9498.0,0.021266734,84000.0,62000.0,110000.0,1686899.0,1256606.0,909187.0,32472.0,0.025190097,64000.0,50000.0,80000.0,0.253705373,0.3125
2105.0,,Computers & Mathematics,25799.0,551.0,22403.0,19028.0,1179.0,0.049995759,,62000.0,114000.0,74072.0,63354.0,55946.0,3333.0,0.049979756,70000.0,48500.0,96000.0,0.258323237,0.2
2403.0,ARCHITECTURAL ENGINEERING,Engineering,6466.0,143.0,4857.0,4264.0,304.0,0.058903313,78000.0,56000.0,110000.0,18500.0,12772.0,10648.0,889.0,0.065075763,80000.0,52000.0,106000.0,,-0.025
4000.0,MULTI/INTERDISCIPLINARY STUDIES,Interdisciplinary,14405.0,318.0,12708.0,,261.0,0.020124913,55000.0,43600.0,74000.0,41018.0,32600.0,,2573.0,0.073152702,44000.0,34200.0,58000.0,0.259910146,0.25
5102.0,"NUCLEAR, INDUSTRIAL RADIOLOGY, AND BIOLOGICAL TECHNOLOGIES",Physical Sciences,3910.0,65.0,3129.0,2565.0,28.0,0.00886918,80000.0,55000.0,106000.0,11069.0,8699.0,6701.0,605.0,0.065025795,64000.0,45000.0,80000.0,0.261032112,0.25
1100.0,GENERAL AGRICULTURE,Agriculture & Natural Resources,44306.0,764.0,28930.0,23024.0,874.0,0.029324923,68000.0,45000.0,104000.0,123984.0,86631.0,72409.0,2352.0,0.026432015,50000.0,34000.0,80000.0,0.263271733,0.36
1302.0,,Agriculture & Natural Resources,24713.0,487.0,16831.0,14102.0,725.0,0.041296423,78000.0,52000.0,110000.0,67649.0,46815.0,39048.0,1885.0,0.038706366,59000.0,42000.0,,0.267566748,0.322033898
,LIBERAL ARTS,Humanities & Liberal Arts,213970.0,3420.0,154404.0,112953.0,6788.0,0.042111271,70000.0,48000.0,103000.0,575676.0,387303.0,288616.0,27049.0,0.065280245,50000.0,34000.0,75000.0,0.270969523,0.4
5403.0,HUMAN SERVICES AND COMMUNITY ORGANIZATION,Psychology & Social Work,29262.0,555.0,23537.0,18213.0,1504.0,0.060061499,50100.0,38000.0,70110.0,78105.0,58298.0,43307.0,4625.0,0.073502535,38700.0,30000.0,53000.0,,0.294573643
6003.0,VISUAL AND PERFORMING ARTS,Arts,18324.0,275.0,14841.0,9671.0,593.0,0.038421666,53000.0,38000.0,80000.0,48548.0,36008.0,21969.0,3729.0,0.093842011,40000.0,28000.0,60000.0,0.274016031,0.325
1303.0,NATURAL RESOURCES MANAGEMENT,Agriculture & Natural Resources,29357.0,,23394.0,19087.0,711.0,0.029495955,70000.0,50000.0,,77101.0,60690.0,48256.0,,0.053242438,53000.0,38000.0,75000.0,0.275761333,0.320754717
6007.0,STUDIO ARTS,Arts,28883.0,500.0,21628.0,14277.0,1147.0,0.050362239,50750.0,40000.0,70000.0,74183.0,53276.0,35035.0,4739.0,0.081685771,38000.0,26000.0,,0.280237906,0.335526316
2901.0,FAMILY AND CONSUMER SCIENCES,Industrial Arts & Consumer Services,149084.0,2294.0,101593.0,69675.0,,0.037142695,58000.0,42000.0,80000.0,,223314.0,146322.0,12312.0,0.052252298,42000.0,30000.0,60000.0,0.282429878,0.380952381
4101.0,PHYSICAL FITNESS PARKS RECREATION AND LEISURE,Industrial Arts & Consumer Services,119489.0,2423.0,103790.0,,2696.0,0.025317882,,44000.0,,296901.0,245267.0,186901.0,10704.0,0.041817237,45000.0,33700.0,64000.0,0.286964144,
6207.0,FINANCE,Business,,6319.0,252242.0,221486.0,11635.0,,95000.0,62000.0,,745903.0,615192.0,528057.0,28844.0,0.044786316,70000.0,45000.0,100000.0,0.287956791,0.357142857
2419.0,PETROLEUM ENGINEERING,Engineering,7479.0,164.0,5640.0,4869.0,112.0,0.019471488,124000.0,80000.0,,,13108.0,11334.0,580.0,0.042372881,126000.0,75000.0,215000.0,0.288074879,-0.015873016
1105.0,PLANT SCIENCE AND AGRONOMY,,30983.0,,22782.0,18312.0,735.0,0.031253986,67000.0,45000.0,100000.0,76190.0,60241.0,49506.0,1899.0,0.030560026,,35000.0,75000.0,0.289093335,0.34
6209.0,HUMAN RESOURCES AND PERSONNEL MANAGEMENT,Business,72548.0,1316.0,55106.0,47878.0,3813.0,0.064715966,70000.0,47000.0,100000.0,178250.0,135403.0,112085.0,8719.0,0.060497356,55000.0,39000.0,,0.289268654,0.272727273
6210.0,INTERNATIONAL BUSINESS,Business,30985.0,604.0,24519.0,20196.0,1424.0,0.054889566,72000.0,50000.0,104000.0,74951.0,58763.0,46734.0,4137.0,0.065771065,57000.0,40000.0,85000.0,0.292487917,0.263157895
3302.0,COMPOSITION AND RHETORIC,Humanities & Liberal Arts,,332.0,16723.0,10535.0,676.0,0.038852808,58000.0,42000.0,80000.0,50175.0,38047.0,26514.0,2837.0,0.069391449,42000.0,30000.0,69000.0,0.297514876,0.380952381
6001.0,DRAMA AND THEATER ARTS,Arts,66560.0,1069.0,50690.0,34179.0,3679.0,0.067667237,58600.0,44000.0,85000.0,156841.0,120476.0,75712.0,10435.0,0.079710643,45000.0,30000.0,65000.0,0.29793958,
6205.0,BUSINESS ECONOMICS,Business,30210.0,642.0,22935.0,19467.0,1239.0,0.051253413,,60000.0,150000.0,69826.0,53771.0,45965.0,3186.0,0.055936935,70000.0,47000.0,101000.0,0.301991283,
2501.0,ENGINEERING AND INDUSTRIAL MANAGEMENT,Engineering,20177.0,340.0,12781.0,,1336.0,0.094637671,107000.0,70000.0,,46013.0,26479.0,21870.0,1554.0,,75000.0,50000.0,108000.0,0.304834567,0.426666667
2102.0,COMPUTER SCIENCE,Computers & Mathematics,324402.0,6674.0,281088.0,243500.0,10557.0,0.036198118,95000.0,69000.0,125000.0,739583.0,623930.0,544970.0,,0.047420571,80000.0,52000.0,106000.0,0.304893396,0.1875
6103.0,HEALTH AND MEDICAL ADMINISTRATIVE SERVICES,Health,45452.0,,35283.0,29992.0,1933.0,0.051940026,79000.0,51000.0,108000.0,101621.0,79713.0,64350.0,4430.0,0.052648467,52000.0,37000.0,75000.0,,0.519230769
1102.0,AGRICULTURAL ECONOMICS,Agriculture & Natural Resources,14800.0,305.0,10592.0,,216.0,0.019985196,80000.0,53000.0,120000.0,33049.0,25557.0,22496.0,734.0,0.027918299,63000.0,40000.0,99000.0,0.30930636,0.26984127
1301.0,ENVIRONMENTAL SCIENCE,,43612.0,925.0,38068.0,29568.0,1392.0,0.035276229,68000.0,48000.0,100000.0,94504.0,78828.0,61721.0,3837.0,0.046416258,55000.0,40000.0,76000.0,0.315763561,0.236363636
5504.0,GEOGRAPHY,Social Science,52147.0,1008.0,38935.0,30602.0,,0.031130244,73000.0,50000.0,105000.0,108758.0,78756.0,60831.0,5680.0,0.067269885,55000.0,40000.0,80000.0,0.324085641,0.327272727
2499.0,MISCELLANEOUS ENGINEERING,Engineering,26032.0,497.0,19112.0,16552.0,685.0,0.034601202,90000.0,60000.0,122000.0,53532.0,41524.0,36059.0,2305.0,0.05259075,70000.0,50000.0,100000.0,0.327183148,
3604.0,ECOLOGY,Biology & Life Science,21535.0,465.0,17793.0,13713.0,677.0,0.036654034,62000.0,45000.0,93000.0,41530.0,33531.0,24530.0,1665.0,0.047306512,,33000.0,74000.0,0.341473083,0.273100616
4007.0,INTERDISCIPLINARY SOCIAL SCIENCES,Social Science,30233.0,541.0,22755.0,17138.0,1444.0,0.059671887,66000.0,45000.0,96000.0,57635.0,40252.0,29613.0,2493.0,0.058322611,46000.0,34000.0,70000.0,0.344072928,0.434782609
1401.0,ARCHITECTURE,Engineering,148255.0,2760.0,114536.0,88038.0,8665.0,0.070332221,72000.0,49800.0,102000.0,279577.0,207090.0,159313.0,18651.0,0.082621234,64000.0,42000.0,95000.0,0.346526207,0.125
1106.0,SOIL SCIENCE,Agriculture & Natural Resources,3335.0,61.0,2284.0,1641.0,34.0,0.014667817,65000.0,50000.0,91000.0,6242.0,4654.0,3917.0,264.0,0.053680358,65000.0,41000.0,89000.0,0.348230135,0.0
3202.0,PRE-LAW AND LEGAL STUDIES,Law & Public Policy,33137.0,544.0,24818.0,20149.0,1005.0,0.038918793,76000.0,50000.0,121000.0,61368.0,45218.0,35337.0,3523.0,0.072280011,50000.0,35000.0,70000.0,0.350637532,0.52
2400.0,GENERAL ENGINEERING,Engineering,268473.0,4345.0,199771.0,174234.0,7460.0,0.035998475,100000.0,65000.0,,482878.0,346258.0,304610.0,16636.0,0.045842588,75000.0,50000.0,100000.0,0.357320347,0.333333333
5098.0,MULTI-DISCIPLINARY OR GENERAL SCIENCE,Physical Sciences,223467.0,3494.0,162694.0,126999.0,4705.0,0.0281065,86000.0,55000.0,142000.0,401739.0,290699.0,229673.0,13226.0,0.043517315,59000.0,40000.0,86000.0,0.357429391,0.457627119
2406.0,CIVIL ENGINEERING,Engineering,196344.0,4057.0,150299.0,127120.0,5327.0,0.034229499,98000.0,70000.0,130000.0,338011.0,247251.0,212776.0,13275.0,0.050954607,80000.0,56000.0,105000.0,0.367441121,0.225
2407.0,COMPUTER ENGINEERING,Engineering,82102.0,1806.0,73147.0,65371.0,1592.0,0.021300793,97000.0,,130000.0,141270.0,119738.0,106089.0,6639.0,,81000.0,60000.0,110000.0,0.367557259,0.197530864
2416.0,MINING AND MINERAL ENGINEERING,Engineering,6083.0,126.0,4491.0,4038.0,271.0,0.056908862,100000.0,72000.0,140000.0,10460.0,7161.0,6270.0,366.0,0.04862495,95000.0,52000.0,125000.0,0.367708396,0.052631579
2307.0,EARLY CHILDHOOD EDUCATION,Education,82430.0,1396.0,63027.0,43428.0,1760.0,0.027165944,50000.0,40000.0,65000.0,141496.0,100158.0,64302.0,4956.0,0.04714881,37000.0,28000.0,48000.0,0.36811268,0.351351351
5507.0,SOCIOLOGY,Social Science,368710.0,6155.0,259742.0,191949.0,11353.0,0.041878308,64000.0,45000.0,93000.0,627027.0,422359.0,318869.0,28396.0,0.062996528,49000.0,35000.0,71000.0,0.37028854,0.306122449
5500.0,GENERAL SOCIAL SCIENCES,Social Science,73350.0,1069.0,45744.0,34005.0,2841.0,0.058474838,69000.0,47000.0,100000.0,122828.0,77095.0,55727.0,5499.0,0.066578686,50000.0,35000.0,75000.0,0.373895136,0.38
1103.0,ANIMAL SCIENCES,Agriculture & Natural Resources,56807.0,1335.0,47755.0,39047.0,596.0,0.012326529,70300.0,48000.0,104000.0,94910.0,74896.0,61629.0,3101.0,0.039757939,48000.0,32000.0,75000.0,0.374427388,0.464583333
6109.0,TREATMENT THERAPY PROFESSIONS,Health,,2607.0,123279.0,91011.0,,0.017415354,70000.0,51000.0,96000.0,234752.0,187311.0,123316.0,4158.0,,63000.0,42000.0,80000.0,0.377376756,0.111111111
1199.0,,Agriculture & Natural Resources,5032.0,98.0,2758.0,2276.0,,0.086452468,54000.0,45000.0,81000.0,8092.0,5978.0,,239.0,0.038442979,55000.0,39000.0,78000.0,0.383419689,-0.018181818
2414.0,MECHANICAL ENGINEERING,Engineering,347342.0,7285.0,266923.0,234162.0,9810.0,0.035449332,100000.0,75000.0,138000.0,547538.0,395914.0,348301.0,16897.0,0.040931564,82000.0,60000.0,110000.0,0.388143662,0.219512195
3402.0,HUMANITIES,Humanities & Liberal Arts,27477.0,450.0,19264.0,13799.0,1215.0,0.059329069,65000.0,47000.0,100000.0,43298.0,27799.0,18630.0,2398.0,0.079411862,47000.0,30625.0,73000.0,0.388230307,0.382978723
1104.0,FOOD SCIENCE,Agriculture & Natural Resources,14521.0,266.0,10857.0,8074.0,370.0,0.032956266,72000.0,50000.0,110000.0,22853.0,16298.0,12431.0,681.0,0.040108369,63000.0,40000.0,92000.0,0.388532135,0.142857143
2412.0,,Engineering,86791.0,1758.0,66432.0,56355.0,2669.0,0.038624622,98000.0,70000.0,135000.0,131402.0,96312.0,82220.0,5047.0,0.049793309,76000.0,50000.0,104000.0,0.397771698,0.289473684
2411.0,GEOLOGICAL AND GEOPHYSICAL ENGINEERING,Engineering,3940.0,66.0,2673.0,1905.0,79.0,0.028706395,105000.0,75000.0,140800.0,5941.0,3797.0,3165.0,0.0,0.0,87000.0,57000.0,125000.0,0.398745066,0.206896552
5206.0,SOCIAL PSYCHOLOGY,Psychology & Social Work,7007.0,119.0,4796.0,3509.0,312.0,0.061080658,71000.0,48800.0,100000.0,10307.0,6486.0,4928.0,660.0,0.092359362,49000.0,36300.0,75000.0,,0.448979592
2417.0,NAVAL ARCHITECTURE AND MARINE ENGINEERING,Engineering,10801.0,197.0,6739.0,,222.0,0.03189197,102000.0,70000.0,145000.0,15759.0,10596.0,9044.0,449.0,,100000.0,60000.0,128000.0,0.406664157,0.02
4005.0,MATHEMATICS AND COMPUTER SCIENCE,Computers & Mathematics,4810.0,103.0,3880.0,3045.0,445.0,0.102890173,98000.0,65000.0,131500.0,6996.0,5711.0,5020.0,150.0,0.025592902,92000.0,53000.0,136000.0,0.407419956,0.065217391
6006.0,ART HISTORY AND CRITICISM,Humanities & Liberal Arts,56666.0,892.0,40441.0,27668.0,2293.0,0.053657509,65000.0,45000.0,93000.0,82188.0,54192.0,35955.0,3731.0,0.0644131,45500.0,31000.0,73000.0,0.408097714,0.428571429
6199.0,,Health,51566.0,848.0,39185.0,28576.0,1100.0,0.027305449,60000.0,41000.0,90000.0,72590.0,49431.0,,2326.0,0.044940781,45000.0,33000.0,62000.0,0.415332324,0.333333333
6100.0,GENERAL MEDICAL AND HEALTH SERVICES,,64284.0,1172.0,54355.0,42137.0,1226.0,0.022057897,70000.0,52000.0,100000.0,90171.0,69217.0,,3592.0,0.04933456,52000.0,37000.0,75000.0,0.416198893,0.346153846
4001.0,INTERCULTURAL AND INTERNATIONAL STUDIES,Humanities & Liberal Arts,32549.0,600.0,26153.0,18746.0,1786.0,0.063924979,70000.0,46000.0,115000.0,45113.0,34373.0,24209.0,2680.0,0.072328826,50000.0,32000.0,72000.0,0.41911102,0.4
4002.0,NUTRITION SCIENCES,,40740.0,641.0,31411.0,21321.0,773.0,0.024018146,65000.0,48400.0,100000.0,56400.0,38530.0,26254.0,2503.0,0.060999683,50000.0,35000.0,70000.0,0.419394688,0.3
5501.0,ECONOMICS,Social Science,517614.0,9822.0,386002.0,,17668.0,0.043768425,100000.0,63000.0,175000.0,700637.0,496450.0,409200.0,29246.0,0.055632913,70000.0,44000.0,111000.0,0.424882885,0.428571429
2306.0,PHYSICAL AND HEALTH EDUCATION TEACHING,Education,202105.0,3061.0,131845.0,92639.0,3782.0,0.027885303,65000.0,50000.0,85000.0,270939.0,185279.0,133212.0,8119.0,0.041980786,50000.0,35000.0,68000.0,0.427243555,0.3
6110.0,COMMUNITY AND PUBLIC HEALTH,Health,35543.0,638.0,28112.0,22384.0,874.0,0.030152487,68500.0,48000.0,100000.0,47568.0,36104.0,27108.0,1804.0,0.047588899,50000.0,35000.0,70000.0,0.427656989,0.37
2408.0,ELECTRICAL ENGINEERING,Engineering,482767.0,10070.0,371723.0,,13974.0,,106000.0,80000.0,,645159.0,471850.0,413582.0,24278.0,0.048934952,90000.0,,118000.0,0.428013008,0.177777778
4901.0,THEOLOGY AND RELIGIOUS VOCATIONS,Humanities & Liberal Arts,165460.0,3112.0,115266.0,90580.0,,0.032938452,48000.0,32000.0,69000.0,220424.0,154911.0,116980.0,6305.0,0.039109021,40000.0,28000.0,58000.0,0.428781706,0.2
,OCEANOGRAPHY,Physical Sciences,7315.0,197.0,5501.0,5642.0,125.0,0.022218272,90000.0,50000.0,114000.0,9739.0,7311.0,,419.0,,60000.0,44000.0,97000.0,0.428931629,0.5
2399.0,MISCELLANEOUS EDUCATION,Education,166626.0,2091.0,86566.0,59620.0,3106.0,0.034637345,61000.0,46200.0,83000.0,221750.0,122937.0,89949.0,4880.0,0.038179585,50000.0,36000.0,72000.0,0.42903269,0.22
2402.0,BIOLOGICAL ENGINEERING,Engineering,21515.0,433.0,16810.0,13353.0,695.0,,80000.0,50000.0,120000.0,28562.0,21509.0,17822.0,1118.0,0.049409997,65000.0,40000.0,,0.429638357,0.230769231
,PUBLIC ADMINISTRATION,Law & Public Policy,42661.0,750.0,31985.0,27682.0,2000.0,0.058849492,75000.0,50000.0,110000.0,53242.0,,30763.0,2609.0,0.065858892,58000.0,40000.0,,0.444834885,
2304.0,ELEMENTARY EDUCATION,Education,1105607.0,15410.0,668185.0,438791.0,13889.0,0.020362893,55000.0,44000.0,70000.0,1379686.0,762114.0,476855.0,28714.0,0.03630878,40000.0,32000.0,51000.0,0.444859821,0.375
5205.0,INDUSTRIAL AND ORGANIZATIONAL PSYCHOLOGY,Psychology & Social Work,,221.0,9546.0,7366.0,453.0,0.04530453,75000.0,50000.0,106000.0,16994.0,11009.0,8347.0,1044.0,0.08661744,63000.0,41000.0,85000.0,0.446665798,0.19047619
3801.0,MILITARY TECHNOLOGIES,Industrial Arts & Consumer Services,3465.0,29.0,1248.0,1040.0,,0.054545455,74000.0,37900.0,123000.0,4278.0,1650.0,1671.0,187.0,0.101796407,64000.0,39000.0,90000.0,0.447500969,0.15625
2300.0,GENERAL EDUCATION,Education,1128727.0,13846.0,698049.0,507406.0,24083.0,0.033349858,58000.0,45000.0,75000.0,1388324.0,805371.0,573139.0,35180.0,0.041853498,44000.0,32000.0,60000.0,0.448432312,0.318181818
6002.0,MUSIC,Arts,205013.0,2759.0,150394.0,88436.0,6507.0,0.041472011,60000.0,41000.0,85000.0,251339.0,174414.0,109664.0,8834.0,0.048207893,46400.0,,70000.0,0.449243128,0.293103448
2314.0,ART AND MUSIC EDUCATION,Education,183239.0,2679.0,123145.0,80953.0,3600.0,0.028403487,59000.0,45000.0,75000.0,218268.0,143673.0,90398.0,5955.0,0.039798701,44000.0,32200.0,57000.0,0.456378096,0.340909091
2601.0,LINGUISTICS AND COMPARATIVE LANGUAGE AND LITERATURE,Humanities & Liberal Arts,57960.0,853.0,40277.0,27836.0,2157.0,0.05083188,65000.0,42000.0,98000.0,68993.0,41522.0,28718.0,3414.0,0.07597472,49000.0,31000.0,70000.0,0.456546911,0.326530612
2413.0,MATERIALS ENGINEERING AND MATERIALS SCIENCE,,17051.0,335.0,13042.0,10727.0,705.0,0.051283916,92000.0,70000.0,120000.0,20152.0,13729.0,11755.0,880.0,0.06023684,78000.0,55000.0,105000.0,0.458323254,0.179487179
5502.0,ANTHROPOLOGY AND ARCHEOLOGY,Humanities & Liberal Arts,107888.0,1971.0,83632.0,59545.0,4374.0,0.049701157,65000.0,45100.0,100000.0,126116.0,90622.0,62339.0,6369.0,,45000.0,30000.0,70000.0,0.461051948,0.444444444
5404.0,SOCIAL WORK,Psychology & Social Work,260824.0,4537.0,203983.0,153941.0,7963.0,0.037570891,53000.0,40000.0,70000.0,301611.0,211272.0,157896.0,12645.0,0.056471818,40000.0,30000.0,54000.0,0.463740699,0.325
3301.0,ENGLISH LANGUAGE AND LITERATURE,Humanities & Liberal Arts,881433.0,13688.0,598806.0,420936.0,25330.0,0.040584103,67000.0,46600.0,100000.0,1018267.0,650188.0,,45414.0,0.065287334,50000.0,34600.0,78000.0,0.463985366,
2312.0,,Education,72079.0,1122.0,46866.0,32536.0,896.0,0.018759683,55000.0,43000.0,69000.0,82941.0,54460.0,35610.0,1804.0,0.032063131,40000.0,30000.0,52000.0,,0.375
5004.0,GEOLOGY AND EARTH SCIENCE,Physical Sciences,90232.0,1814.0,,54643.0,1881.0,0.027408238,84000.0,55000.0,125000.0,103388.0,72682.0,57959.0,4848.0,0.062530633,66000.0,43000.0,100000.0,0.466026237,0.272727273
6108.0,PHARMACY PHARMACEUTICAL SCIENCES AND ADMINISTRATION,Health,152238.0,2872.0,124688.0,97680.0,3174.0,0.024823638,111000.0,85000.0,140000.0,173397.0,120500.0,88001.0,4110.0,0.032982907,107000.0,80000.0,125000.0,0.46751117,0.037383178
2603.0,OTHER FOREIGN LANGUAGES,Humanities & Liberal Arts,46826.0,784.0,31558.0,23188.0,1436.0,0.043523065,68000.0,45000.0,100000.0,52934.0,31878.0,22253.0,2111.0,0.062108329,47000.0,32000.0,76000.0,0.469386528,
,PSYCHOLOGY,Psychology & Social Work,1184158.0,20547.0,915341.0,666630.0,35718.0,0.03755603,64000.0,45000.0,97000.0,1322161.0,938016.0,689146.0,64552.0,0.064386655,46000.0,32200.0,70000.0,0.472468987,0.391304348
1501.0,AREA ETHNIC AND CIVILIZATION STUDIES,Humanities & Liberal Arts,84409.0,1573.0,65878.0,48598.0,3091.0,0.044817237,75000.0,50000.0,120000.0,90834.0,65609.0,46517.0,4630.0,0.065917795,50000.0,34600.0,75000.0,0.481668312,0.5
5000.0,PHYSICAL SCIENCES,Physical Sciences,7979.0,141.0,5292.0,4180.0,208.0,0.037818182,80000.0,54000.0,135000.0,8495.0,5676.0,4945.0,238.0,0.04024349,60000.0,,89000.0,0.484338958,0.333333333
5002.0,ATMOSPHERIC SCIENCES AND METEOROLOGY,Physical Sciences,11739.0,254.0,8657.0,7488.0,237.0,0.026647178,82000.0,52000.0,110000.0,12457.0,9847.0,8754.0,384.0,,60000.0,39000.0,90000.0,0.485162837,0.366666667
2405.0,CHEMICAL ENGINEERING,Engineering,168136.0,3306.0,,106097.0,4997.0,0.03857466,102000.0,70000.0,150000.0,,120146.0,103629.0,5413.0,0.043111207,90000.0,62000.0,123000.0,0.492391674,0.133333333
2401.0,AEROSPACE ENGINEERING,Engineering,58511.0,1240.0,42632.0,39834.0,1225.0,0.027931687,107000.0,80000.0,140000.0,60077.0,41023.0,36578.0,1656.0,0.038801284,85000.0,60000.0,110000.0,0.493397308,0.258823529
6402.0,,Humanities & Liberal Arts,645414.0,11486.0,454797.0,347910.0,18445.0,0.038975831,80000.0,51000.0,125000.0,657090.0,439435.0,338441.0,28790.0,0.061487533,52000.0,35000.0,83000.0,0.495517864,0.538461538
5599.0,MISCELLANEOUS SOCIAL SCIENCES,Social Science,14077.0,306.0,10916.0,9039.0,551.0,0.048050929,,52000.0,105000.0,14312.0,10935.0,8899.0,653.0,0.056351398,54000.0,40000.0,81000.0,0.495861073,0.351851852
3701.0,APPLIED MATHEMATICS,Computers & Mathematics,17075.0,386.0,14113.0,,416.0,0.02863239,100000.0,65000.0,135000.0,17276.0,,11253.0,773.0,0.05339504,76000.0,48000.0,110000.0,0.497074321,0.315789474
3702.0,STATISTICS AND DECISION SCIENCE,Computers & Mathematics,21973.0,429.0,16979.0,14113.0,751.0,0.042357586,92000.0,,125000.0,22210.0,17024.0,13665.0,874.0,0.048832272,75000.0,,,0.497317973,0.226666667
2602.0,FRENCH GERMAN LATIN AND OTHER COMMON FOREIGN LANGUAGE STUDIES,Humanities & Liberal Arts,215376.0,3187.0,145043.0,98947.0,5820.0,0.038578048,67000.0,48000.0,100000.0,216138.0,137925.0,92812.0,8372.0,,50000.0,35000.0,,,0.34
,SOCIAL SCIENCE OR HISTORY TEACHER EDUCATION,Education,119073.0,1646.0,68997.0,47671.0,2263.0,0.031756946,60000.0,45000.0,84000.0,118529.0,71644.0,49027.0,3206.0,,47000.0,35000.0,,0.501144772,0.276595745
3700.0,,Computers & Mathematics,418056.0,6906.0,287467.0,217363.0,11245.0,0.037644956,89000.0,60000.0,127000.0,407046.0,,202078.0,14142.0,0.051180532,68000.0,43000.0,100000.0,0.506671902,0.308823529
5506.0,POLITICAL SCIENCE AND GOVERNMENT,Social Science,695725.0,14467.0,548199.0,455539.0,22134.0,0.038808906,92000.0,60000.0,150000.0,674509.0,492011.0,398808.0,33077.0,0.062993251,60000.0,40000.0,95000.0,0.507741743,0.533333333
5505.0,INTERNATIONAL RELATIONS,Social Science,69355.0,1348.0,54693.0,44547.0,2594.0,0.045280779,86000.0,55000.0,,66901.0,49168.0,38384.0,3157.0,0.060334448,60000.0,40000.0,90000.0,0.509005108,
2410.0,ENVIRONMENTAL ENGINEERING,,11722.0,252.0,9387.0,8183.0,450.0,0.045745654,81000.0,56000.0,110000.0,10985.0,8641.0,7475.0,304.0,0.033985467,71900.0,55000.0,100000.0,0.516228476,0.126564673
3699.0,MISCELLANEOUS BIOLOGY,Biology & Life Science,27744.0,553.0,22488.0,17787.0,597.0,0.025860949,65000.0,,108000.0,25601.0,19978.0,15600.0,802.0,0.038594803,55000.0,35000.0,75000.0,0.520086231,0.181818182
5299.0,MISCELLANEOUS PSYCHOLOGY,Psychology & Social Work,32107.0,590.0,24652.0,18469.0,777.0,0.030555665,68000.0,,110000.0,29609.0,20627.0,14514.0,1851.0,0.082347184,47000.0,32000.0,75000.0,0.520237864,0.446808511
2415.0,METALLURGICAL ENGINEERING,Engineering,13656.0,251.0,9299.0,8095.0,218.0,0.022906378,100000.0,74000.0,135000.0,12555.0,6692.0,5415.0,310.0,0.044273065,98000.0,66000.0,123000.0,0.521002632,0.020408163
2309.0,SECONDARY TEACHER EDUCATION,Education,239928.0,3094.0,128469.0,89415.0,2929.0,0.022291055,61000.0,48000.0,80000.0,217166.0,123329.0,86002.0,,0.042647664,45000.0,35000.0,62000.0,0.524898599,0.355555556
5005.0,GEOSCIENCES,Physical Sciences,9006.0,204.0,7443.0,6200.0,134.0,0.0176851,90000.0,55000.0,130000.0,7977.0,5920.0,4890.0,238.0,0.038648912,58000.0,38000.0,80000.0,0.530295001,0.551724138
6403.0,UNITED STATES HISTORY,Humanities & Liberal Arts,18877.0,311.0,12217.0,8628.0,327.0,0.02606824,82000.0,55000.0,130000.0,16704.0,10913.0,7898.0,943.0,0.079537787,52000.0,39000.0,85000.0,0.53053596,0.576923077
2409.0,ENGINEERING MECHANICS PHYSICS AND SCIENCE,Engineering,21377.0,447.0,15822.0,13676.0,472.0,0.028967718,100000.0,74000.0,147000.0,18682.0,13391.0,11561.0,660.0,0.046971746,70000.0,48000.0,100000.0,0.533637884,0.428571429
4006.0,COGNITIVE SCIENCE AND BIOPSYCHOLOGY,Biology & Life Science,5982.0,118.0,5032.0,3879.0,239.0,0.04534244,95000.0,,135000.0,5156.0,4206.0,3116.0,184.0,0.04191344,55000.0,40000.0,93000.0,0.537080266,0.727272727
,LANGUAGE AND DRAMA EDUCATION,Education,199901.0,2757.0,122260.0,80860.0,3921.0,0.031074409,58000.0,45100.0,75000.0,169782.0,,63345.0,,0.046223151,43200.0,33300.0,55000.0,0.540736252,0.342592593
,NUCLEAR ENGINEERING,Engineering,10520.0,243.0,8567.0,8018.0,100.0,0.011538018,110000.0,85000.0,148000.0,8688.0,6730.0,6258.0,144.0,0.020948502,100000.0,65000.0,130000.0,0.547688463,0.1
5402.0,PUBLIC POLICY,Law & Public Policy,15284.0,338.0,12875.0,10988.0,415.0,0.031226486,89000.0,60000.0,136000.0,12158.0,9478.0,7456.0,441.0,0.044460127,63000.0,41800.0,94000.0,0.55695649,0.412698413
2305.0,MATHEMATICS TEACHER EDUCATION,,,1194.0,51750.0,34672.0,748.0,0.014248162,60000.0,47500.0,80000.0,63346.0,42354.0,27419.0,1610.0,0.036620872,45000.0,35000.0,,0.560622035,0.333333333
2308.0,SCIENCE AND COMPUTER TEACHER EDUCATION,Education,,993.0,42043.0,28805.0,,0.022187594,62000.0,48000.0,84000.0,53851.0,34223.0,23656.0,1460.0,0.040915842,48000.0,36000.0,63000.0,0.562727361,0.291666667
3606.0,MICROBIOLOGY,Biology & Life Science,83816.0,1631.0,66240.0,53208.0,2201.0,0.032159086,85000.0,53000.0,141000.0,63129.0,42544.0,33085.0,2062.0,0.046226965,60000.0,40500.0,85000.0,0.570390282,0.416666667
4801.0,PHILOSOPHY AND RELIGIOUS STUDIES,Humanities & Liberal Arts,250420.0,4566.0,182113.0,138724.0,7369.0,0.038890238,65000.0,41900.0,105000.0,184971.0,124979.0,90406.0,9196.0,0.068537358,46000.0,30000.0,72000.0,,0.413043478
2310.0,SPECIAL NEEDS EDUCATION,Education,192495.0,3240.0,144858.0,,3329.0,0.022464859,,46000.0,75000.0,140128.0,100814.0,68067.0,4629.0,0.043900496,43000.0,35000.0,54000.0,0.578718249,0.348837209
3602.0,BOTANY,,19960.0,323.0,13071.0,9457.0,449.0,0.033210059,70000.0,42000.0,110000.0,13863.0,9100.0,6255.0,327.0,0.034687599,50000.0,32000.0,,0.590130976,
3600.0,BIOLOGY,Biology & Life Science,1085977.0,21994.0,898342.0,703347.0,19368.0,0.021104706,95000.0,56000.0,174000.0,718231.0,512669.0,394936.0,28639.0,0.052907033,,37000.0,80000.0,0.601913416,0.759259259
5001.0,ASTRONOMY AND ASTROPHYSICS,Physical Sciences,6331.0,136.0,5480.0,4548.0,112.0,0.020028612,96000.0,60000.0,150000.0,3899.0,2720.0,2163.0,298.0,0.098740888,85000.0,56000.0,109000.0,0.61886608,0.129411765
5003.0,CHEMISTRY,Physical Sciences,464784.0,8694.0,336838.0,273532.0,10411.0,,100000.0,62000.0,160000.0,282037.0,180034.0,145119.0,10316.0,0.054194904,60000.0,40000.0,90000.0,0.622349934,0.666666667
3608.0,PHYSIOLOGY,Biology & Life Science,59363.0,1155.0,50450.0,38252.0,1078.0,0.020920664,90000.0,55000.0,151000.0,34819.0,25501.0,18261.0,1284.0,0.047937278,50000.0,35000.0,78000.0,0.630300907,0.8
2404.0,BIOMEDICAL ENGINEERING,Engineering,22155.0,475.0,19474.0,16845.0,366.0,0.018447581,90000.0,49000.0,150000.0,12362.0,9626.0,8051.0,547.0,0.053769783,70000.0,48000.0,104000.0,0.641857635,0.285714286
3501.0,LIBRARY SCIENCE,Education,28963.0,314.0,,10914.0,483.0,0.029936779,52000.0,41996.0,76000.0,15850.0,,4292.0,743.0,0.098528047,40000.0,30000.0,55000.0,0.646307991,0.3
3603.0,MOLECULAR BIOLOGY,Biology & Life Science,37872.0,875.0,32729.0,26944.0,950.0,0.028207488,85000.0,50000.0,155000.0,20564.0,15914.0,11602.0,679.0,0.04092087,50000.0,31000.0,75000.0,0.648093641,0.7
,PHARMACOLOGY,Biology & Life Science,,168.0,,6238.0,188.0,,105000.0,70000.0,137000.0,4506.0,3126.0,2463.0,57.0,0.017907634,66000.0,38000.0,105000.0,0.662699304,0.590909091
3609.0,ZOOLOGY,Biology & Life Science,,1978.0,80607.0,60310.0,,0.020927973,110000.0,65000.0,,52896.0,34015.0,25588.0,1680.0,0.047065415,55000.0,35000.0,88000.0,0.667970197,1.0
,PHYSICS,Physical Sciences,227722.0,4361.0,168583.0,140603.0,6189.0,0.035411851,100000.0,62000.0,140000.0,111298.0,72752.0,57486.0,3832.0,0.050036561,74000.0,43000.0,110000.0,0.671706684,0.351351351
3611.0,NEUROSCIENCE,,14429.0,286.0,12551.0,10044.0,225.0,0.017611146,58000.0,45000.0,90000.0,6993.0,4802.0,3580.0,360.0,0.069740411,40000.0,30000.0,79000.0,0.673559892,0.45
5201.0,EDUCATIONAL PSYCHOLOGY,Psychology & Social Work,28941.0,396.0,,12772.0,499.0,0.025600246,61000.0,45500.0,84000.0,13515.0,8561.0,5713.0,655.0,0.071072049,40000.0,34000.0,70000.0,0.681670435,0.525
3601.0,BIOCHEMICAL SCIENCES,Biology & Life Science,128892.0,2765.0,109944.0,90589.0,2728.0,0.024211872,96000.0,55000.0,175000.0,58550.0,43165.0,34108.0,2888.0,0.062710355,55000.0,36000.0,85000.0,0.687636709,0.745454545
3605.0,GENETICS,Biology & Life Science,12106.0,261.0,10450.0,9060.0,207.0,0.019423853,78000.0,48000.0,120000.0,5255.0,4020.0,3187.0,192.0,0.045584046,56000.0,36000.0,90000.0,0.697310063,0.392857143
5008.0,MATERIALS SCIENCE,Engineering,14184.0,299.0,12263.0,9894.0,273.0,0.021777281,95000.0,65000.0,125000.0,5643.0,4619.0,4001.0,134.0,0.02819272,,65000.0,103000.0,0.715388107,0.1875
6102.0,COMMUNICATION DISORDERS SCIENCES AND SERVICES,Health,182108.0,2947.0,145102.0,93323.0,2103.0,0.0142862,65000.0,50000.0,83000.0,59427.0,39683.0,24385.0,1578.0,0.038244347,44000.0,32700.0,60000.0,0.753961124,0.477272727
5203.0,COUNSELING PSYCHOLOGY,Psychology & Social Work,,724.0,38468.0,28808.0,1420.0,0.035599679,50000.0,36000.0,65000.0,16781.0,12377.0,8502.0,835.0,0.063200121,40000.0,25000.0,50000.0,0.755354045,0.25
5202.0,CLINICAL PSYCHOLOGY,Psychology & Social Work,22716.0,355.0,,12022.0,782.0,0.044958032,70000.0,47000.0,95000.0,,4368.0,3033.0,357.0,0.075555556,46000.0,30000.0,70000.0,0.777013853,0.52173913
6106.0,HEALTH AND MEDICAL PREPARATORY PROGRAMS,Health,114971.0,1766.0,78132.0,58825.0,1732.0,0.021686868,135000.0,70000.0,294000.0,26320.0,16221.0,12185.0,1012.0,0.05872454,51000.0,35000.0,87000.0,0.813717788,1.647058824
2303.0,SCHOOL STUDENT COUNSELING,Education,19841.0,260.0,11313.0,8130.0,,0.051400302,56000.0,42000.0,70000.0,2232.0,1328.0,,169.0,0.112892452,42000.0,27000.0,51000.0,0.898880986,0.333333333
2301.0,EDUCATIONAL ADMINISTRATION AND SUPERVISION,Education,54159.0,841.0,34142.0,26850.0,582.0,0.016760742,65000.0,50000.0,86000.0,4003.0,3079.0,2434.0,0.0,0.0,58000.0,45000.0,,0.931174994,0.120689655
